Date,Country,LocationCode,Location,Depth (ft),Fish,SL (mm),TL (mm),FishLineage,Sponge,SpongeID,SpongeGenus,Luke Fish ID
16-Mar-17,Belize,L01,South Water D23,2,RBEL17A001,24.92,30.53,Lineage6,SBEL17A,Ircinia_strobilina,Ircinia,na
16-Mar-17,Belize,L01,South Water D23,2,RBEL17A002,19.41,32.59,Lineage6,SBEL17A,Ircinia_strobilina,Ircinia,na
16-Mar-17,Belize,L01,South Water D23,2,RBEL17A003,20.69,25.15,Lineage6,SBEL17A,Ircinia_strobilina,Ircinia,na
16-Mar-17,Belize,L01,South Water D23,2,RBEL17A004,20.01,26.21,Lineage6,SBEL17A,Ircinia_strobilina,Ircinia,na
16-Mar-17,Belize,L01,South Water D23,2,RBEL17A005,17.12,20.84,na,SBEL17A,Ircinia_strobilina,Ircinia,na
16-Mar-17,Belize,L01,South Water D23,2,RBEL17A006,17.25,20.87,na,SBEL17A,Ircinia_strobilina,Ircinia,na
16-Mar-17,Belize,L01,South Water D23,2,RBEL17A007,19.27,23.42,na,SBEL17A,Ircinia_strobilina,Ircinia,na
16-Mar-17,Belize,L01,South Water D23,2,RBEL17A008,17.81,22.2,na,SBEL17A,Ircinia_strobilina,Ircinia,na
18-Mar-17,Belize,L02,Golden Reef B17,21,RBEL17B009,13.94,16.66,Lineage6,SBEL17B,Ircinia_strobilina,Ircinia,na
18-Mar-17,Belize,L02,Golden Reef B17,21,RBEL17B010,16.26,19.95,Lineage6,SBEL17B,Ircinia_strobilina,Ircinia,na
18-Mar-17,Belize,L02,Golden Reef B17,21,RBEL17B011,13.65,16.75,na,SBEL17B,Ircinia_strobilina,Ircinia,na
18-Mar-17,Belize,L02,Golden Reef B17,21,RBEL17B012,9,10.1,na,SBEL17B,Ircinia_strobilina,Ircinia,na
18-Mar-17,Belize,L02,Golden Reef B17,21,RBEL17C013,16.7,20.93,Lineage6,SBEL17C,Ircinia_strobilina,Ircinia,na
18-Mar-17,Belize,L02,Golden Reef B17,21,RBEL17C014,14.71,18.54,Lineage6,SBEL17C,Ircinia_strobilina,Ircinia,na
18-Mar-17,Belize,L02,Golden Reef B17,21,RBEL17C015,15.8,19.65,na,SBEL17C,Ircinia_strobilina,Ircinia,na
18-Mar-17,Belize,L02,Golden Reef B17,21,RBEL17C016,12.69,14.97,na,SBEL17C,Ircinia_strobilina,Ircinia,na
18-Mar-17,Belize,L02,Golden Reef B17,21,RBEL17C017,13.65,15.83,na,SBEL17C,Ircinia_strobilina,Ircinia,na
18-Mar-17,Belize,L02,Golden Reef B17,21,RBEL17C018,12.88,15.54,na,SBEL17C,Ircinia_strobilina,Ircinia,na
18-Mar-17,Belize,L02,Golden Reef B17,21,RBEL17C019,13.57,16.36,na,SBEL17C,Ircinia_strobilina,Ircinia,na
18-Mar-17,Belize,L02,Golden Reef B17,21,RBEL17C020,11.25,13.96,na,SBEL17C,Ircinia_strobilina,Ircinia,na
18-Mar-17,Belize,L02,Golden Reef B17,21,RBEL17D021,11.87,15.65,Lineage6,SBEL17D,Ircinia_strobilina,Ircinia,na
18-Mar-17,Belize,L02,Golden Reef B17,21,RBEL17D022,10.18,12.17,Lineage6,SBEL17D,Ircinia_strobilina,Ircinia,na
18-Mar-17,Belize,L02,Golden Reef B17,21,RBEL17E023,16.08,20.29,Lineage2,SBEL17E,Ircinia_strobilina,Ircinia,na
18-Mar-17,Belize,L02,Golden Reef B17,21,RBEL17E024,16.41,19.94,Lineage6,SBEL17E,Ircinia_strobilina,Ircinia,na
18-Mar-17,Belize,L02,Golden Reef B17,21,RBEL17E025,9.72,11.7,na,SBEL17E,Ircinia_strobilina,Ircinia,na
20-Mar-17,Belize,L03,Muddy Corner B25,18,RBEL17F026,6.78,7.83,Lineage3,SBEL17F,Verongula_rigida,Verongula,na
20-Mar-17,Belize,L03,Muddy Corner B25,18,RBEL17G027,13.99,16.81,Lineage3,SBEL17G,Callyspongia_plicifera,Callyspongia,na
20-Mar-17,Belize,L03,Muddy Corner B25,18,RBEL17H028,12.37,14.77,Lineage6,SBEL17H,Ircinia_strobilina,Ircinia,na
16-Mar-17,Belize,L01,South Water D23,2,RBEL17I029,16.86,21.3,Lineage6,SBEL17I,Ircinia_strobilina,Ircinia,na
16-Mar-17,Belize,L01,South Water D23,2,RBEL17I030,17.58,22.19,Lineage6,SBEL17I,Ircinia_strobilina,Ircinia,na
4-Apr-17,Panama,L04,Hospital Pt,35,RPAN17A001,8.9,10.72,Lineage6,SPAN17A,Ircinia_strobilina,Ircinia,na
4-Apr-17,Panama,L04,Hospital Pt,35,RPAN17A002,7.05,8.56,Lineage6,SPAN17A,Ircinia_strobilina,Ircinia,na
4-Apr-17,Panama,L05,Punta Caracol,20,RPAN17B003,15.35,19.28,Lineage7,SPAN17B,Aplysina_sp,Aplysina,na
4-Apr-17,Panama,L05,Punta Caracol,27,RPAN17C004,11.66,14.48,Lineage7,SPAN17B,Aplysina_sp,Aplysina,na
4-Apr-17,Panama,L05,Punta Caracol,27,RPAN17C005,13.17,15.8,Lineage7,SPAN17C,Ircinia_strobilina,Ircinia,na
4-Apr-17,Panama,L05,Punta Caracol,21,RPAN17D006,16.3,20.45,Lineage6,SPAN17D,Ircinia_strobilina,Ircinia,na
4-Apr-17,Panama,L05,Punta Caracol,21,RPAN17D007,12.35,15.78,Lineage6,SPAN17D,Ircinia_strobilina,Ircinia,na
4-Apr-17,Panama,L05,Punta Caracol,19,RPAN17E008,15.76,20.69,Lineage2,SPAN17E,Ircinia_strobilina,Ircinia,na
4-Apr-17,Panama,L05,Punta Caracol,16,RPAN17F009,15.59,19.74,Lineage7,SPAN17F,Verongula_sp,Verongula,na
4-Apr-17,Panama,L05,Punta Caracol,12,RPAN17G010,15.43,18.41,Lineage7,SPAN17G,Verongula_sp,Verongula,na
4-Apr-17,Panama,L05,Punta Caracol,12,RPAN17H011,13.41,15.97,Lineage7,SPAN17H,Ircinia_sp,Ircinia,na
4-Apr-17,Panama,L05,Punta Caracol,12,RPAN17H012,12.49,15.02,Lineage7,SPAN17H,Ircinia_sp,Ircinia,na
4-Apr-17,Panama,L05,Punta Caracol,12,RPAN17H013,8.72,10.64,na,SPAN17H,Ircinia_sp,Ircinia,na
4-Apr-17,Panama,L06,STRI Reef,36,RPAN17I014,6.89,8.56,Lineage6,SPAN17I,Ircinia_strobilina,Ircinia,na
4-Apr-17,Panama,L06,STRI Reef,30,RPAN17J015,12.24,15.56,Lineage6,SPAN17J,Ircinia_felix,Ircinia,na
4-Apr-17,Panama,L06,STRI Reef,30,RPAN17J016,16.72,19.73,Lineage6,SPAN17J,Ircinia_felix,Ircinia,na
4-Apr-17,Panama,L06,STRI Reef,30,RPAN17J017,10.37,12.89,na,SPAN17J,Ircinia_felix,Ircinia,na
4-Apr-17,Panama,L06,STRI Reef,30,RPAN17J018,11.94,14.47,na,SPAN17J,Ircinia_felix,Ircinia,na
4-Apr-17,Panama,L06,STRI Reef,30,RPAN17J019,6.44,7.35,Lineage6,SPAN17J,Ircinia_felix,Ircinia,na
4-Apr-17,Panama,L06,STRI Reef,23,RPAN17K020,8.81,11.03,Lineage6,SPAN17K,Ircinia_felix,Ircinia,na
4-Apr-17,Panama,L06,STRI Reef,21,RPAN17L021,12.76,15.73,Lineage6,SPAN17L,Ircinia_felix,Ircinia,na
4-Apr-17,Panama,L06,STRI Reef,21,RPAN17L022,15.66,19.69,Lineage6,SPAN17L,Ircinia_felix,Ircinia,na
4-Apr-17,Panama,L06,STRI Reef,21,RPAN17L023,12.03,14.76,na,SPAN17L,Ircinia_felix,Ircinia,na
4-Apr-17,Panama,L06,STRI Reef,21,RPAN17L024,7.22,8.43,na,SPAN17L,Ircinia_felix,Ircinia,na
4-Apr-17,Panama,L06,STRI Reef,18,RPAN17M025,7.24,9.41,Lineage6,SPAN17M,Ircinia_felix,Ircinia,na
4-Apr-17,Panama,L06,STRI Reef,18,RPAN17M026,6.45,7.8,Lineage6,SPAN17M,Ircinia_felix,Ircinia,na
4-Apr-17,Panama,L06,STRI Reef,14,RPAN17N027,11.36,14.14,Lineage2,SPAN17N,Aiolochroia_crassa,Aiolochroia,na
4-Apr-17,Panama,L06,STRI Reef,14,RPAN17N028,6.44,8.27,Lineage2,SPAN17N,Aiolochroia_crassa,Aiolochroia,na
4-Apr-17,Panama,L06,STRI Reef,17,RPAN17O029,15.11,19.08,Lineage6,SPAN17O,Ircinia_strobilina,Ircinia,na
4-Apr-17,Panama,L06,STRI Reef,17,RPAN17O030,16.66,21.03,Lineage6,SPAN17O,Ircinia_strobilina,Ircinia,na
4-Apr-17,Panama,L06,STRI Reef,17,RPAN17P031,14.15,18.8,Lineage6,SPAN17P,Ircinia_strobilina,Ircinia,na
4-Apr-17,Panama,L06,STRI Reef,17,RPAN17P032,10.49,13.21,Lineage6,SPAN17P,Ircinia_strobilina,Ircinia,na
4-Apr-17,Panama,L06,STRI Reef,16,RPAN17Q033,14.83,18.09,Lineage6,SPAN17Q,Ircinia_strobilina,Ircinia,na
16-Apr-17,St Eustatius,L07,SW Statia,49,REUS17A001,12,na,Lineage6,SEUS17A,Ircinia_sp,Ircinia,EUS17047
16-Apr-17,St Eustatius,L07,SW Statia,49,REUS17A002,12,na,na,SEUS17A,Ircinia_sp,Ircinia,EUS17048
16-Apr-17,St Eustatius,L07,SW Statia,46,REUS17B003,10,na,Lineage6,SEUS17B,Ircinia_strobilina,Ircinia,EUS17049
16-Apr-17,St Eustatius,L07,SW Statia,49,REUS17C004,13.5,na,Lineage4,SEUS17C,Xestospongia_muta,Xestospongia,EUS17050
16-Apr-17,St Eustatius,L07,SW Statia,49,REUS17C005,11,na,Lineage4,SEUS17C,Xestospongia_muta,Xestospongia,EUS17051
16-Apr-17,St Eustatius,L07,SW Statia,49,REUS17C006,12.4,na,Lineage4,SEUS17C,Xestospongia_muta,Xestospongia,EUS17052
16-Apr-17,St Eustatius,L08,SW Statia Curasub 17-18,268,REUS17D007,30,na,Lineage4,SEUS17D,Xestospongia_muta,Xestospongia,EUS17068
17-Apr-17,St Eustatius,L09,SW Statia,48,REUS17E008,14,na,Lineage4,SEUS17E,Ircinia_strobilina,Ircinia,EUS17089
17-Apr-17,St Eustatius,L09,SW Statia,48,REUS17E009,9.5,na,Lineage6,SEUS17E,Ircinia_strobilina,Ircinia,EUS17090
17-Apr-17,St Eustatius,L09,SW Statia,49,REUS17F010,13.95,na,Lineage6,SEUS17F,Ircinia_felix,Ircinia,EUS17091
17-Apr-17,St Eustatius,L09,SW Statia,49,REUS17F011,15.28,na,Lineage6,SEUS17F,Ircinia_felix,Ircinia,EUS17092
17-Apr-17,St Eustatius,L09,SW Statia,49,REUS17F012,13.5,na,Lineage6,SEUS17F,Ircinia_felix,Ircinia,EUS17093
17-Apr-17,St Eustatius,L09,SW Statia,49,REUS17F013,12.92,na,Lineage6,SEUS17F,Ircinia_felix,Ircinia,EUS17094
17-Apr-17,St Eustatius,L09,SW Statia,49,REUS17F014,12.95,na,Lineage6,SEUS17F,Ircinia_felix,Ircinia,EUS17095
17-Apr-17,St Eustatius,L09,SW Statia,49,REUS17F015,9.78,na,Lineage4,SEUS17F,Ircinia_felix,Ircinia,EUS17096
17-Apr-17,St Eustatius,L09,SW Statia,49,REUS17F016,9.26,na,Lineage6,SEUS17F,Ircinia_felix,Ircinia,EUS17097
18-Apr-17,St Eustatius,L09,SW Statia,49,REUS17G017,11.5,na,Lineage2,SEUS17G,tunicate,tunicate,EUS17120
18-Apr-17,St Eustatius,L09,SW Statia,49,REUS17H018,14.3,na,Lineage6,SEUS17H,Ircinia_sp,Ircinia,EUS17121
18-Apr-17,St Eustatius,L09,SW Statia,49,REUS17H019,15,na,Lineage6,SEUS17H,Ircinia_sp,Ircinia,EUS17122
18-Apr-17,St Eustatius,L09,SW Statia,47,REUS17I020,6.8,na,na,SEUS17I,Xestospongia_muta,Xestospongia,EUS17123
18-Apr-17,St Eustatius,L09,SW Statia,47,REUS17I021,10.5,na,Lineage1,SEUS17I,Xestospongia_muta,Xestospongia,EUS17124
18-Apr-17,St Eustatius,L09,SW Statia,47,REUS17I022,10.2,na,na,SEUS17I,Xestospongia_muta,Xestospongia,EUS17125
18-Apr-17,St Eustatius,L09,SW Statia,47,REUS17I023,10.2,na,Lineage4,SEUS17I,Xestospongia_muta,Xestospongia,EUS17126
18-Apr-17,St Eustatius,L09,SW Statia,47,REUS17I024,15,na,Lineage4,SEUS17I,Xestospongia_muta,Xestospongia,EUS17127
18-Apr-17,St Eustatius,L09,SW Statia,47,REUS17I025,13,na,na,SEUS17I,Xestospongia_muta,Xestospongia,EUS17128
18-Apr-17,St Eustatius,L09,SW Statia,50,REUS17J016,9.4,na,Lineage4,SEUS17J,Xestospongia_muta,Xestospongia,EUS17129
18-Apr-17,St Eustatius,L09,SW Statia,48,REUS17K027,19,na,Lineage4,SEUS17K,Xestospongia_muta,Xestospongia,EUS17130
18-Apr-17,St Eustatius,L09,SW Statia,48,REUS17K028,18,na,Lineage4,SEUS17K,Xestospongia_muta,Xestospongia,EUS17131
18-Apr-17,St Eustatius,L09,SW Statia,48,REUS17K029,20.5,na,Lineage4,SEUS17K,Xestospongia_muta,Xestospongia,EUS17132
18-Apr-17,St Eustatius,L09,SW Statia,48,REUS17K030,13.4,na,Lineage4,SEUS17K,Xestospongia_muta,Xestospongia,EUS17133
18-Apr-17,St Eustatius,L09,SW Statia,48,REUS17K031,10.4,na,Lineage4,SEUS17K,Xestospongia_muta,Xestospongia,EUS17134
18-Apr-17,St Eustatius,L09,SW Statia,48,REUS17K032,15,na,Lineage4,SEUS17K,Xestospongia_muta,Xestospongia,EUS17135
18-Apr-17,St Eustatius,L09,SW Statia,48,REUS17K033,12,na,Lineage4,SEUS17K,Xestospongia_muta,Xestospongia,EUS17136
18-Apr-17,St Eustatius,L09,SW Statia,48,REUS17K034,11,na,Lineage4,SEUS17K,Xestospongia_muta,Xestospongia,EUS17137
18-Apr-17,St Eustatius,L09,SW Statia,48,REUS17K035,10,na,Lineage4,SEUS17K,Xestospongia_muta,Xestospongia,EUS17138
18-Apr-17,St Eustatius,L09,SW Statia,48,REUS17K036,7.5,na,Lineage4,SEUS17K,Xestospongia_muta,Xestospongia,EUS17139
18-Apr-17,St Eustatius,L10,SW Statia Curasub 17-20,374,REUS17L037,12.2,na,Lineage5,SEUS17L,Aplysina_sp,Aplysina,EUS17200
18-Apr-17,St Eustatius,L10,SW Statia Curasub 17-20,374,REUS17L038,11.5,na,Lineage5,SEUS17L,Aplysina_sp,Aplysina,EUS17201
18-Apr-17,St Eustatius,L10,SW Statia Curasub 17-20,374,REUS17L039,7.6,na,Lineage5,SEUS17L,Aplysina_sp,Aplysina,EUS17202
18-Apr-17,St Eustatius,L10,SW Statia Curasub 17-20,374,REUS17L040,4.5,na,Lineage5,SEUS17L,Aplysina_sp,Aplysina,EUS17203
19-Apr-17,St Eustatius,L11,Valley of the Sponges,45,REUS17M041,10.9,na,Lineage4,SEUS17M,Xestospongia_muta,Xestospongia,EUS17206
19-Apr-17,St Eustatius,L11,Valley of the Sponges,45,REUS17M042,8.2,na,Lineage4,SEUS17M,Xestospongia_muta,Xestospongia,EUS17207
19-Apr-17,St Eustatius,L11,Valley of the Sponges,45,REUS17M043,8.4,na,Lineage4,SEUS17M,Xestospongia_muta,Xestospongia,EUS17208
19-Apr-17,St Eustatius,L11,Valley of the Sponges,45,REUS17M044,6.8,na,Lineage4,SEUS17M,Xestospongia_muta,Xestospongia,EUS17209
19-Apr-17,St Eustatius,L12,Southern Reef,45,REUS17N045,15,na,Lineage4,SEUS17N,Xestospongia_muta,Xestospongia,EUS17210
19-Apr-17,St Eustatius,L12,Southern Reef,45,REUS17N046,10.8,na,Lineage4,SEUS17N,Xestospongia_muta,Xestospongia,EUS17211
19-Apr-17,St Eustatius,L12,Southern Reef,45,REUS17N047,13,na,Lineage4,SEUS17N,Xestospongia_muta,Xestospongia,EUS17212
19-Apr-17,St Eustatius,L12,Southern Reef,45,REUS17N048,8.9,na,Lineage4,SEUS17N,Xestospongia_muta,Xestospongia,EUS17213
19-Apr-17,St Eustatius,L13,SW Statia Curasub 17-21,371,REUS17O049,9.5,na,Lineage5,SEUS17O,Aplysina_sp,Aplysina,EUS17224
19-Apr-17,St Eustatius,L13,SW Statia Curasub 17-21,371,REUS17O050,10,na,Lineage5,SEUS17O,Aplysina_sp,Aplysina,EUS17225
4-Jun-18,Roatan,L14,West End Wall,38,RROA18A001,8.43,na,Lineage1,SROA18A,Xestospongia_muta,Xestospongia,ROA18001
4-Jun-18,Roatan,L14,West End Wall,38,RROA18A002,9.9,na,Lineage1,SROA18A,Xestospongia_muta,Xestospongia,ROA18002
4-Jun-18,Roatan,L15,Gibson's Bite,56,RROA18B003,9.15,na,na,SROA18B,Ircinia_felix,Ircinia,ROA18012
4-Jun-18,Roatan,L15,Gibson's Bite,56,RROA18B004,15.04,na,na,SROA18B,Ircinia_felix,Ircinia,ROA18013
4-Jun-18,Roatan,L15,Gibson's Bite,56,RROA18B005,8.73,na,na,SROA18B,Ircinia_felix,Ircinia,ROA18014
4-Jun-18,Roatan,L15,Gibson's Bite,56,RROA18B006,6.68,na,na,SROA18B,Ircinia_felix,Ircinia,ROA18016
5-Jun-18,Roatan,L16,Octopus Acre,52,RROA18D009,12.45,na,na,SROA18D,Ircinia_strobilina,Ircinia,ROA18026
5-Jun-18,Roatan,L16,Octopus Acre,50,RROA18E010,7.27,na,na,SROA18E,Xestospongia_muta,Xestospongia,ROA18027
5-Jun-18,Roatan,L16,Octopus Acre,49,RROA18F011,7.64,na,na,SROA18F,Ircinia_strobilina,Ircinia,ROA18028
5-Jun-18,Roatan,L16,Octopus Acre,49,RROA18F012,7.73,na,na,SROA18F,Ircinia_strobilina,Ircinia,ROA18029
7-Jun-18,Roatan,L17,"Seaquest, shallow reef in West End Bay",37,RROA18G013,13.79,na,Lineage1,SROA18G,Xestospongia_muta,Xestospongia,ROA18048
7-Jun-18,Roatan,L17,"Seaquest, shallow reef in West End Bay",37,RROA18G014,15.63,na,Lineage1,SROA18G,Xestospongia_muta,Xestospongia,ROA18049
7-Jun-18,Roatan,L17,"Seaquest, shallow reef in West End Bay",37,RROA18G015,10.55,na,Lineage1,SROA18G,Xestospongia_muta,Xestospongia,ROA18050
7-Jun-18,Roatan,L17,"Seaquest, shallow reef in West End Bay",37,RROA18G016,12.33,na,Lineage1,SROA18G,Xestospongia_muta,Xestospongia,ROA18051
7-Jun-18,Roatan,L17,"Seaquest, shallow reef in West End Bay",37,RROA18G017,10.06,na,Lineage1,SROA18G,Xestospongia_muta,Xestospongia,ROA18052
7-Jun-18,Roatan,L17,"Seaquest, shallow reef in West End Bay",37,RROA18G018,11.46,na,na,SROA18G,Xestospongia_muta,Xestospongia,ROA18053
7-Jun-18,Roatan,L17,"Seaquest, shallow reef in West End Bay",37,RROA18G019,14.01,na,Lineage1,SROA18G,Xestospongia_muta,Xestospongia,ROA18054
7-Jun-18,Roatan,L17,"Seaquest, shallow reef in West End Bay",37,RROA18G020,8.29,na,Lineage1,SROA18G,Xestospongia_muta,Xestospongia,ROA18055
7-Jun-18,Roatan,L17,"Seaquest, shallow reef in West End Bay",37,RROA18G021,8.24,na,na,SROA18G,Xestospongia_muta,Xestospongia,ROA18056
7-Jun-18,Roatan,L17,"Seaquest, shallow reef in West End Bay",37,RROA18G022,11.43,na,Lineage1,SROA18G,Xestospongia_muta,Xestospongia,ROA18057
7-Jun-18,Roatan,L17,"Seaquest, shallow reef in West End Bay",37,RROA18G023,11.79,na,Lineage1,SROA18G,Xestospongia_muta,Xestospongia,ROA18058
7-Jun-18,Roatan,L17,"Seaquest, shallow reef in West End Bay",37,RROA18G024,13.09,na,Lineage1,SROA18G,Xestospongia_muta,Xestospongia,ROA18059
7-Jun-18,Roatan,L17,"Seaquest, shallow reef in West End Bay",37,RROA18G025,12.98,na,Lineage1,SROA18G,Xestospongia_muta,Xestospongia,ROA18060
7-Jun-18,Roatan,L17,"Seaquest, shallow reef in West End Bay",37,RROA18G026,8.92,na,Lineage1,SROA18G,Xestospongia_muta,Xestospongia,ROA18061
7-Jun-18,Roatan,L17,"Seaquest, shallow reef in West End Bay",37,RROA18G027,10.07,na,Lineage1,SROA18G,Xestospongia_muta,Xestospongia,ROA18062
7-Jun-18,Roatan,L17,"Seaquest, shallow reef in West End Bay",37,RROA18G028,10.6,na,Lineage1,SROA18G,Xestospongia_muta,Xestospongia,ROA18063
7-Jun-18,Roatan,L17,"Seaquest, shallow reef in West End Bay",37,RROA18G029,7.27,na,Lineage1,SROA18G,Xestospongia_muta,Xestospongia,ROA18064
7-Jun-18,Roatan,L17,"Seaquest, shallow reef in West End Bay",37,RROA18G030,9,na,Lineage1,SROA18G,Xestospongia_muta,Xestospongia,ROA18074
8-Jun-18,Roatan,L18,Canyon Reef,50,RROA18H031,17.45,na,Lineage1,SROA18H,Ircinia_sp,Ircinia,ROA18081
8-Jun-18,Roatan,L18,Canyon Reef,47,RROA18I034,8.5,na,na,SROA18I,Ircinia_strobilina,Ircinia,ROA18086
8-Jun-18,Roatan,L18,Canyon Reef,47,RROA18I035,8.5,na,na,SROA18I,Ircinia_strobilina,Ircinia,ROA18087
8-Jun-18,Roatan,L14,West End Wall,33,RROA18J037,6.7,na,na,SROA18J,Ircinia_felix,Ircinia,ROA18092
8-Jun-18,Roatan,L14,West End Wall,51,RROA18K038,11.66,na,na,SROA18K,Xestospongia_muta,Xestospongia,ROA18094
8-Jun-18,Roatan,L14,West End Wall,51,RROA18K039,12.69,na,Lineage1,SROA18K,Xestospongia_muta,Xestospongia,ROA18095
8-Jun-18,Roatan,L14,West End Wall,51,RROA18K040,12.15,na,Lineage1,SROA18K,Xestospongia_muta,Xestospongia,ROA18096
8-Jun-18,Roatan,L14,West End Wall,51,RROA18K041,9.64,na,na,SROA18K,Xestospongia_muta,Xestospongia,ROA18097
8-Jun-18,Roatan,L14,West End Wall,51,RROA18K042,9.8,na,na,SROA18K,Xestospongia_muta,Xestospongia,ROA18098
8-Jun-18,Roatan,L14,West End Wall,51,RROA18K043,9.27,na,Lineage1,SROA18K,Xestospongia_muta,Xestospongia,ROA18100
10-Jun-18,Roatan,L19,Moonlight,48,RROA18M045,8.98,na,na,SROA18M,Callyspongia_plicifera,Callyspongia,ROA18172
10-Jun-18,Roatan,L20,Bikini Bottom,28,RROA18N046,11.36,na,Lineage1,SROA18N,Xestospongia_muta,Xestospongia,ROA18175
10-Jun-18,Roatan,L20,Bikini Bottom,28,RROA18N047,9.01,na,Lineage1,SROA18N,Xestospongia_muta,Xestospongia,ROA18176
10-Jun-18,Roatan,L19,Moonlight,41,RROA18P049,8.74,na,na,SROA18P,Agelas_tubulata,Agelas,ROA18181
10-Jun-18,Roatan,L19,Moonlight,57,RROA18Q050,9.05,na,na,SROA18Q,Aplysina_sp,Aplysina,ROA18189
10-Jun-18,Roatan,L20,Bikini Bottom,33,RROA18R051,10.22,na,na,SROA18R,Agelas_tubulata,Agelas,ROA18192
10-Jun-18,Roatan,L20,Bikini Bottom,27,RROA18S052,16.07,na,Lineage1,SROA18S,Verongula_gigantea,Verongula,ROA18194
10-Jun-18,Roatan,L20,Bikini Bottom,27,RROA18S053,12.1,na,Lineage1,SROA18S,Verongula_gigantea,Verongula,ROA18195
10-Jun-18,Roatan,L20,Bikini Bottom,27,RROA18S054,14.92,na,na,SROA18S,Verongula_gigantea,Verongula,ROA18196
10-Jun-18,Roatan,L20,Bikini Bottom,27,RROA18S055,10.66,na,Lineage1,SROA18S,Verongula_gigantea,Verongula,ROA18197
10-Jun-18,Roatan,L20,Bikini Bottom,27,RROA18S056,14.03,na,Lineage1,SROA18S,Verongula_gigantea,Verongula,ROA18198
10-Jun-18,Roatan,L20,Bikini Bottom,27,RROA18S057,7.54,na,Lineage1,SROA18S,Verongula_gigantea,Verongula,ROA18199